assists;baronKills;bountyLevel;12AssistStreakCount;abilityUses;acesBefore15Minutes;alliedJungleMonsterKills;baronTakedowns;blastConeOppositeOpponentCount;bountyGold;buffsStolen;completeSupportQuestInTime;controlWardsPlaced;damagePerMinute;damageTakenOnTeamPercentage;dancedWithRiftHerald;deathsByEnemyChamps;dodgeSkillShotsSmallWindow;doubleAces;dragonTakedowns;effectiveHealAndShielding;elderDragonKillsWithOpposingSoul;elderDragonMultikills;enemyChampionImmobilizations;enemyJungleMonsterKills;epicMonsterKillsNearEnemyJungler;epicMonsterKillsWithin30SecondsOfSpawn;epicMonsterSteals;epicMonsterStolenWithoutSmite;flawlessAces;fullTeamTakedown;gameLength;getTakedownsInAllLanesEarlyJungleAsLaner;goldPerMinute;hadAfkTeammate;hadOpenNexus;immobilizeAndKillWithAlly;initialBuffCount;initialCrabCount;jungleCsBefore10Minutes;junglerTakedownsNearDamagedEpicMonster;kTurretsDestroyedBeforePlatesFall;kda;killAfterHiddenWithAlly;killParticipation;killedChampTookFullTeamDamageSurvived;killsNearEnemyTurret;killsOnOtherLanesEarlyJungleAsLaner;killsOnRecentlyHealedByAramPack;killsUnderOwnTurret;killsWithHelpFromEpicMonster;knockEnemyIntoTeamAndKill;landSkillShotsEarlyGame;laneMinionsFirst10Minutes;legendaryCount;lostAnInhibitor;maxCsAdvantageOnLaneOpponent;maxKillDeficit;maxLevelLeadLaneOpponent;moreEnemyJungleThanOpponent;multiKillOneSpell;multiTurretRiftHeraldCount;multikills;multikillsAfterAggressiveFlash;outerTurretExecutesBefore10Minutes;outnumberedKills;outnumberedNexusKill;perfectDragonSoulsTaken;perfectGame;pickKillWithAlly;poroExplosions;quickCleanse;quickFirstTurret;quickSoloKills;riftHeraldTakedowns;saveAllyFromDeath;scuttleCrabKills;skillshotsDodged;skillshotsHit;snowballsHit;soloBaronKills;soloKills;soloTurretsLategame;stealthWardsPlaced;survivedSingleDigitHpCount;survivedThreeImmobilizesInFight;takedownOnFirstTurret;takedowns;takedownsAfterGainingLevelAdvantage;takedownsBeforeJungleMinionSpawn;takedownsFirstXMinutes;takedownsInAlcove;takedownsInEnemyFountain;teamBaronKills;teamDamagePercentage;teamElderDragonKills;teamRiftHeraldKills;threeWardsOneSweeperCount;tookLargeDamageSurvived;turretPlatesTaken;turretTakedowns;turretsTakenWithRiftHerald;twentyMinionsIn3SecondsCount;unseenRecalls;visionScoreAdvantageLaneOpponent;visionScorePerMinute;wardTakedowns;wardTakedownsBefore20M;wardsGuarded;champExperience;champLevel;championId;championName;championTransform;consumablesPurchased;damageDealtToBuildings;damageDealtToObjectives;damageDealtToTurrets;damageSelfMitigated;deaths;detectorWardsPlaced;doubleKills;dragonKills;eligibleForProgression;firstBloodAssist;firstBloodKill;firstTowerAssist;firstTowerKill;gameEndedInEarlySurrender;gameEndedInSurrender;goldEarned;goldSpent;individualPosition;inhibitorKills;inhibitorTakedowns;inhibitorsLost;item0;item1;item2;item3;item4;item5;item6;itemsPurchased;killingSprees;kills;lane;largestCriticalStrike;largestKillingSpree;largestMultiKill;longestTimeSpentLiving;magicDamageDealt;magicDamageDealtToChampions;magicDamageTaken;neutralMinionsKilled;nexusKills;nexusLost;nexusTakedowns;objectivesStolen;objectivesStolenAssists;participantId;pentaKills;physicalDamageDealt;physicalDamageDealtToChampions;physicalDamageTaken;profileIcon;puuid;quadraKills;riotIdName;riotIdTagline;role;sightWardsBoughtInGame;spell1Casts;spell2Casts;spell3Casts;spell4Casts;summoner1Casts;summoner1Id;summoner2Casts;summoner2Id;summonerId;summonerLevel;summonerName;teamEarlySurrendered;teamId;teamPosition;timeCCingOthers;timePlayed;totalDamageDealt;totalDamageDealtToChampions;totalDamageShieldedOnTeammates;totalDamageTaken;totalHeal;totalHealsOnTeammates;totalMinionsKilled;totalTimeCCDealt;totalTimeSpentDead;totalUnitsHealed;tripleKills;trueDamageDealt;trueDamageDealtToChampions;trueDamageTaken;turretKills;turretsLost;unrealKills;visionScore;visionWardsBoughtInGame;wardsKilled;wardsPlaced;win;timestamp;date;earlyLaningPhaseGoldExpAdvantage;laningPhaseGoldExpAdvantage;mythicItemUsed;baronBuffGoldAdvantageOverThreshold;earliestBaron;earliestDragonTakedown;highestChampionDamage;shortestTimeToAceFromFirstTakedown;junglerKillsEarlyJungle;killsOnLanersEarlyJungleAsJungler;firstTurretKilledTime;highestWardKills;highestCrowdControlScore;controlWardTimeCoverageInRiverOrEnemyHalf;teleportTakedowns;earliestElderDragon;fasterSupportQuestCompletion;thirdInhibitorDestroyedTime
0;0;0;0;0;0;0;0;0;0;0;0;0;0;0;0;0;3;0;0;0;0;0;0;0;0;0;0;0;0;0;197.47819837614966;0;206.1502659039121;1;0;0;0;0;0;0;0;0;0;0;0;0;0;0;0;0;0;0;0;0;0;0;0;0;-22.000000029802322;0;0;0;0;0;0;0;0;0;0;0;0;0;0;0;0;0;0;0;0;0;0;0;0;0;0;0;0;0;0;0;0;0;0;0;0;0;0;0;0;0;0;0;0;-1;0;0;0;0;0;1;145;Kaisa;0;0;0;0;0;0;0;0;0;0;False;False;False;False;False;True;False;678;0;Invalid;0;0;0;2010;0;0;0;0;0;0;0;0;0;NONE;0;0;0;0;0;0;0;0;0;0;0;0;0;9;0;0;0;0;22;6sjCHPzvhOEyjXzAMYkOh008FUZ3ZT1b_WElrHDVTUnWHU99FhQP0giK51Dqryh969U4YzW8-eUttw;0;;;SUPPORT;0;0;0;0;0;0;4;0;3;GnPE14gbgiSr2eP_cRKvAQNkCD_XnvKlrgy7-RURivBG5yZI5c8sz6xSdA;70;Free Karlo Mplus;True;200;;0;197;0;0;0;0;0;0;0;0;0;0;0;0;0;0;0;0;0;0;0;0;0;False;1655925162.188;06/22/2022 - 21:12:42;;;;;;;;;;;;;;;;;;
0;0;0;0;7;0;0;0;0;0;0;0;0;86.07326221014989;0.18623549630442685;0;1;6;0;0;0;0;0;0;0;0;0;0;0;0;0;200.95162476145583;0;332.21235887242676;0;0;0;0;0;0;0;0;0;0;;0;0;0;0;0;0;0;0;17;0;0;10;2;1;-27.000000029802322;0;0;0;0;0;0;0;0;1;0;0;0;0;0;0;0;0;9;0;0;0;0;0;0;0;0;0;0;0;0;0;0;0;0;0.16521191679331337;0;0;0;0;1;0;0;0;0;-1;0;0;0;0;564;2;145;Kaisa;0;1;213;213;213;268;1;0;0;0;False;False;False;False;False;True;False;1112;500;BOTTOM;0;0;0;1055;2003;2010;0;0;0;3340;3;0;0;NONE;0;0;0;194;388;20;68;0;0;0;0;0;0;9;0;4430;267;848;22;6sjCHPzvhOEyjXzAMYkOh008FUZ3ZT1b_WElrHDVTUnWHU99FhQP0giK51Dqryh969U4YzW8-eUttw;0;;;SUPPORT;0;5;2;0;0;1;4;1;3;GnPE14gbgiSr2eP_cRKvAQNkCD_XnvKlrgy7-RURivBG5yZI5c8sz6xSdA;70;Free Karlo Mplus;False;200;BOTTOM;0;200;4819;288;0;917;18;0;17;3;0;1;0;0;0;0;0;0;0;0;0;0;0;True;1655924336.186;06/22/2022 - 20:58:56;;;;;;;;;;;;;;;;;;
8;0;0;0;283;0;13.500000029802322;1;0;600;0;0;0;799.0324435319158;0.11727812134530051;0;3;23;0;0;0;0;0;0;0;0;0;0;0;0;1;1954.5284954691829;0;503.8101072561344;0;0;0;0;0;0;0;0;5;1;0.7142857142857143;0;0;0;0;4;0;0;3;67;0;0;91.5;0;1;-124.25000008940697;0;0;0;0;0;1;0;0;0;13;0;0;0;0;0;0;0;9;19;0;0;0;0;2;0;0;0;15;0;0;5;0;0;0;0.275861344473237;0;0;0;0;3;0;0;0;0;-0.6323450803756714;0.32365196805139984;2;1;0;17401;17;145;Kaisa;0;2;1275;3470;1275;10366;3;0;0;0;True;False;False;False;False;False;False;16411;15350;BOTTOM;0;0;5;1038;6672;3006;3046;3036;3031;3363;23;2;7;BOTTOM;770;3;1;1108;22761;5457;6294;16;0;1;0;0;0;9;0;228164;18011;9975;22;6sjCHPzvhOEyjXzAMYkOh008FUZ3ZT1b_WElrHDVTUnWHU99FhQP0giK51Dqryh969U4YzW8-eUttw;0;;;CARRY;0;110;38;130;5;4;4;6;3;GnPE14gbgiSr2eP_cRKvAQNkCD_XnvKlrgy7-RURivBG5yZI5c8sz6xSdA;70;Free Karlo Mplus;False;200;BOTTOM;3;1954;269375;26028;0;17949;808;0;297;64;79;1;0;18450;2559;1678;0;11;0;10;0;2;5;False;1655923614.258;06/22/2022 - 20:46:54;0;0;6672;;;;;;;;;;;;;;;
8;1;0;0;285;0;20.000000029802322;1;0;0;1;0;0;754.6611871219194;0.18862411734239679;0;3;26;0;2;0;0;0;0;4.800000011920929;0;0;0;0;0;0;1849.672565079843;0;556.7391632937737;0;0;0;0;0;0;0;0;7;4;0.5526315789473685;0;2;0;0;1;0;0;2;78;0;0;52.599999994039536;1;2;-113.00000005960464;0;0;5;1;0;2;0;0;0;15;0;0;0;0;0;0;2;20;14;0;0;1;5;5;0;2;0;21;0;0;4;1;0;1;0.23882288501072454;0;1;0;0;1;2;5;0;0;0.8265116214752197;0.8901504643494147;6;1;0;16674;17;145;Kaisa;0;2;4081;24918;4081;12475;3;0;5;0;True;False;False;False;False;False;False;17163;17180;BOTTOM;0;0;0;3026;6672;3006;6676;3031;3046;3363;23;2;13;BOTTOM;879;7;2;1058;16321;4773;9560;36;0;0;0;0;0;9;0;185665;16474;11491;22;6sjCHPzvhOEyjXzAMYkOh008FUZ3ZT1b_WElrHDVTUnWHU99FhQP0giK51Dqryh969U4YzW8-eUttw;0;;;CARRY;0;91;34;152;8;4;4;4;3;GnPE14gbgiSr2eP_cRKvAQNkCD_XnvKlrgy7-RURivBG5yZI5c8sz6xSdA;70;Free Karlo Mplus;False;200;BOTTOM;4;1849;215093;23264;0;22462;1183;0;246;54;72;1;0;13105;2016;1410;2;4;0;27;0;6;9;True;1655919426.042;06/22/2022 - 19:37:06;0;0;6672;1;1612.6819407284745;1397.1513036496717;1;16.585345279178455;;;;;;;;;;
10;2;3;0;366;0;155.5000002682209;2;0;450;2;0;1;885.1854077810184;0.1959338586106046;0;4;89;0;2;0;0;0;12;15;1;1;0;0;0;3;1917.291255898506;;508.46328330767494;0;0;4;2;0;52.00000008940697;0;0;5.25;1;0.4772727272727273;0;2;;0;0;0;5;3;12;0;0;156.700000166893;4;4;-50.99999997019768;0;0;2;1;0;3;0;0;0;16;0;0;0;0;0;0;6;27;36;0;0;2;3;1;1;8;0;21;0;0;4;0;0;2;0.20731301217330161;0;0;0;0;0;1;0;0;0;0.1267693042755127;1.050784791171033;6;3;0;20170;18;131;Diana;0;1;2761;33878;2761;44124;4;1;2;1;True;False;False;False;False;False;False;16247;13525;JUNGLE;0;0;0;3157;3165;4645;3020;1026;3152;3364;18;3;11;JUNGLE;0;4;2;814;231108;23081;5416;218;1;0;1;0;0;7;0;34280;3295;25470;22;6sjCHPzvhOEyjXzAMYkOh008FUZ3ZT1b_WElrHDVTUnWHU99FhQP0giK51Dqryh969U4YzW8-eUttw;0;;;NONE;0;142;92;121;11;4;4;22;11;GnPE14gbgiSr2eP_cRKvAQNkCD_XnvKlrgy7-RURivBG5yZI5c8sz6xSdA;70;Free Karlo Mplus;False;200;JUNGLE;13;1915;279593;28285;0;32230;11085;0;47;199;165;1;0;14204;1908;1342;1;3;0;33;1;6;2;True;1655761725.963;06/20/2022 - 23:48:45;0;0;3152;2;1366.1146745971073;1119.9853246806074;;;0;1;;;;;;;;
13;0;0;0;201;0;6.800000011920929;1;0;300;0;0;1;408.6195579331952;0.16420096921155858;0;10;9;0;2;0;0;0;40;0;0;0;0;0;0;2;2456.7060129904985;0;330.8977993226388;0;0;16;0;0;0;1;0;2.2;1;0.44;0;2;0;0;2;1;16;10;18;0;0;0;0;0;-113.00000008940697;0;0;0;0;0;2;0;0;0;18;0;0;0;0;0;0;0;39;38;0;0;1;2;42;0;1;0;22;0;1;7;0;0;1;0.09545845192525174;0;1;0;0;1;2;5;0;0;5.624189376831055;2.962322952614342;17;6;0;16397;16;555;Pyke;0;7;1881;7065;1881;28389;10;1;0;0;True;True;False;False;False;False;False;13548;12325;UTILITY;0;0;1;3142;6693;3857;3179;3117;3134;3364;33;2;9;MIDDLE;0;2;1;549;0;0;15217;6;0;1;0;0;0;5;0;41092;12451;16319;3160;7EQGVpAEes0J8gPl5oC1VTx_EICzVkKlYwFfA5hybFp7NLcx2j3GggXBKdJkd7m8oIbcwMNnQmnpjg;0;;;SUPPORT;0;72;67;42;20;7;4;7;14;fvXq_HydN1Zt7uZjnLJjOrncAE0M2j8MnaLajuVx9N8oMjE;339;Męrv;False;100;UTILITY;29;2456;53862;16730;0;34193;8341;0;60;114;312;1;0;12769;4279;2655;0;9;0;121;1;17;64;False;1655910886.562;06/22/2022 - 17:14:46;0;0;6693;1;1874.6241555909855;1637.560475841824;;;;;855.9249366479404;1;;;;;;
25;0;0;0;147;0;0;0;0;300;0;0;0;1198.0700653737547;0.3387239177084993;0;14;91;0;0;0;0;0;68;0;0;0;0;0;0;11;1113.728392855921;0;641.2157752506322;0;0;11;0;0;0;0;2;2.142857142857143;3;0.43478260869565216;0;3;0;0;1;0;0;5;27;0;0;21;0;2;-24;0;0;0;0;0;0;0;0;0;21;0;0;0;0;0;0;0;67;23;10;0;0;0;0;0;4;0;30;0;3;28;0;0;0;0.13100737001793172;0;0;0;1;0;2;0;0;0;-1;0;0;0;0;18509;18;14;Sion;0;2;1676;1676;1676;101485;14;0;0;0;True;False;False;True;False;False;True;11902;11100;Invalid;0;0;1;3068;3111;3083;3110;3067;1028;2052;25;1;5;NONE;0;2;1;85;30300;10010;23891;0;0;0;0;0;0;5;0;25248;10127;36809;3160;7EQGVpAEes0J8gPl5oC1VTx_EICzVkKlYwFfA5hybFp7NLcx2j3GggXBKdJkd7m8oIbcwMNnQmnpjg;0;;;SUPPORT;0;64;36;39;8;4;4;22;32;fvXq_HydN1Zt7uZjnLJjOrncAE0M2j8MnaLajuVx9N8oMjE;339;Męrv;False;100;;49;1113;61149;22238;0;63298;2778;0;51;695;301;1;0;5600;2100;2597;1;4;0;0;0;0;0;False;1655907237.384;06/22/2022 - 16:13:57;0;0;3068;;;;;;;;444.4896169686703;;1;;;;;
4;0;0;0;295;0;8.500000029802322;0;0;875;0;0;4;761.5640460468816;0.2620985488260046;0;7;13;0;0;0;0;0;38;0;0;0;0;0;0;2;1755.8027547924514;0;420.3607408978267;0;0;3;0;0;0;0;0;1.7142857142857142;3;0.36363636363636365;0;4;0;0;1;0;5;0;55;0;0;14.25;0;1;-106.00000005960464;0;0;0;0;0;1;0;0;0;8;0;0;0;0;1;0;0;36;1;0;0;3;0;6;0;2;0;12;0;0;3;1;0;1;0.23886899308326845;0;1;0;0;1;0;0;0;0;0.27508115768432617;0.9527112606837248;4;2;1;15794;16;164;Camille;0;5;1547;8141;1547;29583;7;4;0;0;True;False;False;False;False;False;False;12301;12333;TOP;0;0;1;3074;3078;6333;3047;1036;0;3364;28;2;8;TOP;0;3;1;516;467;467;13943;10;0;1;0;0;0;6;0;102556;14714;16663;3160;7EQGVpAEes0J8gPl5oC1VTx_EICzVkKlYwFfA5hybFp7NLcx2j3GggXBKdJkd7m8oIbcwMNnQmnpjg;0;;;SOLO;0;172;42;74;7;3;12;6;14;fvXq_HydN1Zt7uZjnLJjOrncAE0M2j8MnaLajuVx9N8oMjE;338;Męrv;False;200;TOP;24;1755;136480;22285;0;32998;4150;0;158;153;223;1;0;33455;7104;2391;0;9;0;27;4;4;10;False;1655866941.599;06/22/2022 - 05:02:21;0;0;3078;;1357.9185841098206;;;;;;;1;;0.3760184183502382;1;;;
2;0;0;0;232;0;69.60000011324883;0;0;0;0;0;2;559.0993692595493;0.30317637453726753;0;2;8;0;3;0;0;0;7;5.500000029802322;0;0;0;0;0;0;1299.9846636051914;;449.2743656963844;0;0;2;2;1;64.00000008940697;0;0;5;3;0.3333333333333333;0;5;;0;0;0;0;0;7;0;0;31.30000004172325;0;2;-45.99999997019768;1;0;1;0;0;1;0;0;0;8;0;0;0;0;2;0;5;15;0;0;0;2;2;1;0;0;0;10;0;0;6;0;0;0;0.17480160563363628;0;2;0;0;2;0;0;0;0;0.3540780544281006;0.7542912776956486;2;2;0;11745;14;141;Kayn;1;2;0;41785;0;18320;2;2;1;3;True;True;False;False;False;False;True;9734;9050;JUNGLE;0;0;0;3047;6333;1036;1036;0;6630;3364;18;1;8;JUNGLE;0;7;2;960;6827;0;9135;125;0;0;0;0;0;2;0;123980;11310;15917;3160;7EQGVpAEes0J8gPl5oC1VTx_EICzVkKlYwFfA5hybFp7NLcx2j3GggXBKdJkd7m8oIbcwMNnQmnpjg;0;;;NONE;0;143;52;29;8;13;11;3;4;fvXq_HydN1Zt7uZjnLJjOrncAE0M2j8MnaLajuVx9N8oMjE;338;Męrv;False;100;JUNGLE;13;1299;149212;12113;0;26095;12567;0;28;187;76;1;0;18405;802;1043;0;1;0;16;2;2;3;True;1655864832.562;06/22/2022 - 04:27:12;0;0;6630;;;491.799826271412;;;0;2;898.1335330388438;;;0.1000500064968854;;;;
3;0;0;0;132;0;3.5;0;0;675;0;0;1;722.0412338439119;0.1924735380545706;0;6;31;0;0;0;0;0;0;0;0;0;0;0;0;1;1471.9000109483306;0;444.43966120091557;0;0;0;0;0;0;0;0;1.6666666666666667;2;0.3448275862068966;0;3;2;0;2;0;0;0;54;0;0;40.75;0;2;-104.00000008940697;0;0;0;0;0;1;0;0;0;9;0;0;0;0;0;0;0;13;0;0;0;1;3;6;0;1;0;10;0;1;5;0;0;0;0.22950414685686973;0;1;0;0;3;1;0;0;0;-0.6365846395492554;0.6187117291041678;1;1;0;11194;13;86;Garen;0;2;4375;5372;4375;24014;6;1;0;0;True;False;True;False;False;False;True;10902;10825;TOP;0;0;1;6631;3033;3742;3006;1033;0;3340;22;2;7;TOP;378;3;1;732;0;0;11538;4;0;0;0;0;0;1;0;90392;13979;12201;5258;XLkS00I10bUiGALtHF4eUB_gR13g-ymiYR64g5a_AvIXBg5hOPHh1p563gd31xZT07mVEvTNMk0t1g;0;;;SOLO;0;69;14;44;5;6;14;4;4;jNsuWFR4YAcqguOrvFj2rsuFF8hiXw65n3bkPVw-QuZbBxw;587;PXL UwU ;False;100;TOP;33;1471;95787;17712;0;26009;1964;0;139;105;183;1;0;5395;3733;2269;1;6;0;15;1;1;7;False;1655933441.412;06/22/2022 - 23:30:41;0;0;6631;;;;;;;;;;;;;;;
12;0;1;0;230;0;2.0000000298023224;0;0;0;0;0;0;915.3046845811957;0.14705113318402022;0;8;105;0;2;0;0;0;0;0;1;0;1;1;0;3;1863.3740105;0;403.17687816449774;0;0;0;0;0;0;0;0;2.25;2;0.6;0;1;0;0;1;0;0;13;70;0;0;44.60000002384186;0;2;-114.00000005960464;0;0;1;0;0;3;0;0;0;15;0;0;0;0;0;0;0;24;115;0;0;3;3;6;0;0;0;18;0;0;4;0;0;0;0.28549377855923447;0;0;0;0;1;0;0;0;0;-0.4131179451942444;0.3336840071750336;2;1;0;15299;16;21;MissFortune;0;2;562;3965;562;10769;8;0;1;2;True;False;False;False;False;False;False;12521;11400;BOTTOM;0;0;2;3042;6692;6694;3158;3134;1036;3340;24;1;6;BOTTOM;768;2;2;396;20288;5060;4389;10;0;1;0;1;0;9;0;123029;22651;15225;5258;XLkS00I10bUiGALtHF4eUB_gR13g-ymiYR64g5a_AvIXBg5hOPHh1p563gd31xZT07mVEvTNMk0t1g;0;;;CARRY;0;71;77;71;11;4;3;4;4;jNsuWFR4YAcqguOrvFj2rsuFF8hiXw65n3bkPVw-QuZbBxw;587;PXL UwU ;False;200;BOTTOM;19;1863;152876;28425;0;20270;571;0;205;368;241;1;0;9559;714;656;0;10;0;10;0;2;6;False;1655926182.91;06/22/2022 - 21:29:42;0;0;6692;;;888.6497657;;;;;;;;;;;;
4;0;1;0;142;0;0;0;0;0;0;0;1;561.3335646260477;0.10960779395147864;0;1;63;0;0;0;0;0;0;0;0;0;0;0;0;0;1240.2228457535477;0;405.0433085987305;0;0;0;0;0;0;0;0;10;0;0.43478260869565216;0;0;1;0;1;0;0;8;56;0;0;2;1;1;-111.50000005960464;0;0;0;0;0;0;0;0;0;7;0;0;0;0;0;0;0;52;33;0;0;0;1;4;0;14;0;10;0;0;8;1;0;0;0.24345342976156886;0;1;0;0;2;0;0;0;0;0.170812726020813;0.917770742493306;2;2;1;7498;11;21;MissFortune;0;3;1577;1577;1577;2661;1;1;0;0;True;False;False;False;False;False;True;8372;7525;BOTTOM;0;0;0;3042;6692;1036;3158;1036;0;3340;15;1;6;BOTTOM;515;5;1;1089;13424;3319;3752;0;0;0;0;0;0;9;0;55145;8097;2392;5258;XLkS00I10bUiGALtHF4eUB_gR13g-ymiYR64g5a_AvIXBg5hOPHh1p563gd31xZT07mVEvTNMk0t1g;0;;;CARRY;0;48;47;45;2;3;3;3;4;jNsuWFR4YAcqguOrvFj2rsuFF8hiXw65n3bkPVw-QuZbBxw;587;PXL UwU ;False;200;BOTTOM;15;1240;71621;11602;0;6620;0;0;148;258;33;0;0;3051;186;476;0;1;0;18;1;2;5;True;1655923993.491;06/22/2022 - 20:53:13;0;0;6692;;;;;;;;828.2706435986264;;1;;;;;
7;0;0;0;230;0;7;1;0;450;0;0;0;1214.606493460128;0.16399183195404102;0;9;110;0;2;0;0;0;0;0;0;1;0;0;0;1;1928.3162747449005;0;474.5648344803092;0;0;0;0;0;0;1;0;2.111111111111111;1;0.5588235294117647;0;3;1;0;3;0;0;8;66;0;0;39.99999997019768;0;1;-122.00000008940697;0;0;2;0;0;6;0;0;0;14;0;0;0;0;0;0;0;43;112;0;0;3;2;8;0;2;0;19;0;0;7;0;0;1;0.3132372661907757;0;0;0;0;4;2;0;0;0;-0.26226598024368286;0.46213657425715227;2;2;0;15488;16;21;MissFortune;0;2;7187;18848;7187;13927;9;0;2;1;True;False;False;False;False;False;False;15251;13500;BOTTOM;0;0;1;2421;3158;6694;6692;3814;3042;3340;23;5;12;BOTTOM;820;2;2;439;19869;4042;9473;16;0;1;0;0;0;4;0;147477;32667;13235;5258;XLkS00I10bUiGALtHF4eUB_gR13g-ymiYR64g5a_AvIXBg5hOPHh1p563gd31xZT07mVEvTNMk0t1g;0;;;CARRY;0;69;85;66;10;7;3;5;4;jNsuWFR4YAcqguOrvFj2rsuFF8hiXw65n3bkPVw-QuZbBxw;587;PXL UwU ;False;100;BOTTOM;24;1928;171309;39035;0;24812;1120;0;196;530;244;1;0;3961;2325;2103;2;9;0;14;0;2;8;False;1655922084.377;06/22/2022 - 20:21:24;0;0;6692;;1578.8943647354804;883.1759223004233;;;;;835.041099134703;;1;;;;;
17;0;0;0;184;0;0;0;0;300;2;0;3;281.96723890542097;0.1709149968200507;0;7;27;0;0;0;0;0;65;8;0;0;0;0;0;0;2241.8946339215895;;241.73509369038197;0;0;10;0;0;4;0;0;2.5714285714285716;5;0.46153846153846156;0;0;;0;0;0;7;0;13;0;0;0;0;1;-113.00000005960464;0;0;0;0;0;0;0;0;0;15;0;0;0;0;0;0;0;49;16;0;0;0;1;21;0;4;0;18;0;0;5;0;0;0;0.06968687250903874;0;1;0;0;0;2;10;0;0;0.741693377494812;1.6918403061711778;3;3;0;14421;15;53;Blitzcrank;0;5;311;311;311;41550;7;3;0;0;True;False;False;False;False;False;True;9032;8325;UTILITY;0;0;2;3857;3001;3050;3047;3067;3801;3364;24;0;1;JUNGLE;0;0;1;697;14296;5834;17842;8;0;0;0;0;0;10;0;10065;3698;15107;5258;XLkS00I10bUiGALtHF4eUB_gR13g-ymiYR64g5a_AvIXBg5hOPHh1p563gd31xZT07mVEvTNMk0t1g;0;;;NONE;0;57;63;48;16;8;3;8;4;jNsuWFR4YAcqguOrvFj2rsuFF8hiXw65n3bkPVw-QuZbBxw;587;PXL UwU ;False;200;UTILITY;76;2241;31424;10535;0;35775;1798;0;27;534;220;1;0;7061;1003;2826;0;8;0;63;3;3;24;False;1655919728.815;06/22/2022 - 19:42:08;0;0;3001;;;;;;0;0;741.1639840139469;;;0.04921329948547856;;;;
4;0;2;0;623;0;4;0;0;0;0;0;1;918.9834231860176;0.2733624078946463;0;3;57;0;0;0;0;0;0;0;0;0;0;0;0;0;1229.1495770635424;0;428.14553424895706;0;0;0;0;0;0;0;0;3.6666666666666665;1;0.5238095238095238;0;4;2;0;0;0;0;117;68;0;0;45;0;0;-104.00000005960464;0;0;2;0;0;1;0;0;0;10;0;0;0;0;0;0;0;22;511;0;0;0;0;5;0;2;0;11;0;1;6;2;0;0;0.344634444265852;0;2;0;0;4;1;0;0;0;-0.1205681562423706;0.4713816655360154;0;0;0;7869;11;221;Zeri;0;2;1621;1621;1621;10830;3;1;2;0;True;True;False;False;False;False;True;8770;7155;BOTTOM;0;0;0;6672;1036;3006;1055;3086;1036;3363;15;3;7;MIDDLE;416;2;2;584;20883;6876;8379;4;0;0;0;0;0;4;0;62275;9846;10870;4414;khXQos6v2wgjg-I_kFMb72wf4MlXleo2YarLf3FKEE4-khS4zPxOCrnbGAj446qcVE7WBcnCmbBsCw;0;;;DUO;0;569;33;16;5;3;4;3;3;hQmh7IdYN8vC4_1JavWtnbG3PklEz33Prx6tyg2Hxd5LjoE;354;AeronSama;False;100;BOTTOM;10;1229;98046;18826;0;19719;723;0;144;105;76;1;0;14886;2102;470;1;0;0;9;1;0;6;True;1655932798.313;06/22/2022 - 23:19:58;0;0;6672;;;;1;;;;845.8977881702481;;;0.08704617683189586;;;;
11;0;0;0;162;0;20;1;0;800;0;0;0;835.5649236971709;0.1524718711894224;0;5;9;0;1;0;0;0;15;0;0;0;0;0;0;2;1880.5170226;0;416.98773775433943;0;0;5;0;0;0;1;0;3.6;4;0.5625;0;1;0;0;0;0;0;0;65;0;0;12.499999970197678;0;2;-101.50000002980232;0;0;1;0;0;1;0;0;0;14;0;0;0;0;0;0;0;6;21;0;0;0;3;5;0;2;0;18;0;0;3;0;0;1;0.261698528645773;0;0;0;0;0;0;0;0;1;2.1515960693359375;0.5594246209632837;1;0;0;13455;15;202;Jhin;0;1;511;13124;511;11838;5;0;1;0;True;False;False;False;False;False;False;13069;12450;BOTTOM;0;0;1;6671;6676;3009;3031;1042;3123;3363;20;1;7;BOTTOM;1222;6;2;877;6810;2027;4508;22;0;1;0;0;0;4;0;150115;23281;13114;4414;khXQos6v2wgjg-I_kFMb72wf4MlXleo2YarLf3FKEE4-khS4zPxOCrnbGAj446qcVE7WBcnCmbBsCw;0;;;CARRY;0;69;36;22;35;4;4;5;3;hQmh7IdYN8vC4_1JavWtnbG3PklEz33Prx6tyg2Hxd5LjoE;354;AeronSama;False;100;BOTTOM;31;1880;161632;26188;0;20267;2861;0;175;161;112;1;0;4706;878;2645;0;10;0;17;0;1;8;False;1655931226.819;06/22/2022 - 22:53:46;0;0;6671;1;1306.4828014;710.8928182;;23.377434399999856;;;;;;;;;;
9;0;0;0;107;0;23.000000089406967;0;0;0;0;0;1;887.4231921987686;0.14728017248710526;0;6;58;0;2;0;0;0;0;0;0;0;0;0;0;0;2088.8268581809916;0;380.6600561959328;0;0;0;0;0;0;0;0;2.1666666666666665;2;0.5909090909090909;0;1;0;0;1;0;0;0;74;0;0;57.000000059604645;0;1;-126.00000008940697;0;0;1;0;0;0;0;0;0;11;0;0;0;0;0;0;0;37;5;0;0;0;1;8;0;5;0;13;0;0;4;0;0;0;0.26674560765239874;0;1;0;0;1;0;5;0;0;0.5683313608169556;1.112754434276598;8;4;1;14291;15;29;Twitch;0;5;1213;8954;1213;11577;6;1;1;0;True;True;False;False;False;False;False;13252;13000;BOTTOM;0;0;2;3140;6672;3085;3153;3006;1037;3363;20;1;4;BOTTOM;509;3;2;660;619;619;5693;28;0;1;0;0;0;9;0;167737;23655;13742;4414;khXQos6v2wgjg-I_kFMb72wf4MlXleo2YarLf3FKEE4-khS4zPxOCrnbGAj446qcVE7WBcnCmbBsCw;0;;;CARRY;0;43;28;24;12;5;4;6;3;hQmh7IdYN8vC4_1JavWtnbG3PklEz33Prx6tyg2Hxd5LjoE;354;AeronSama;False;200;BOTTOM;15;2088;212374;30894;0;22256;366;0;231;293;187;1;0;44017;6619;2820;0;10;0;38;1;8;12;False;1655834660.439;06/21/2022 - 20:04:20;0;0;6672;;;414.3950743249587;;;;;837.3645045908772;;;;;;;
13;0;1;0;178;0;28.000000059604645;3;0;150;3;0;2;1327.4728306239022;0.2617373058892128;0;7;47;0;4;0;0;0;13;15;0;0;0;0;0;5;2494.973379939822;0;516.4702210795051;0;0;3;0;0;0;0;0;4.285714285714286;8;0.6521739130434783;0;3;1;0;0;1;3;11;62;0;1;4;1;3;-123.00000005960464;0;0;6;1;0;2;0;0;0;28;0;0;0;0;0;0;1;34;104;0;0;0;4;6;0;10;0;30;0;1;7;0;0;3;0.3323485734748338;1;0;0;1;0;7;0;0;0;0.32643914222717285;0.9159524061866581;11;5;1;20934;18;67;Vayne;0;5;12982;58781;12982;31058;7;2;2;1;True;False;True;False;False;False;False;21476;23380;BOTTOM;1;2;1;3139;3046;3153;6673;3033;3124;3363;26;4;17;BOTTOM;294;7;5;494;8366;4206;14049;55;0;0;1;0;0;9;1;239207;35035;25923;4414;khXQos6v2wgjg-I_kFMb72wf4MlXleo2YarLf3FKEE4-khS4zPxOCrnbGAj446qcVE7WBcnCmbBsCw;1;;;CARRY;0;153;0;12;13;5;4;5;3;hQmh7IdYN8vC4_1JavWtnbG3PklEz33Prx6tyg2Hxd5LjoE;353;AeronSama;False;200;BOTTOM;19;2494;300657;55200;0;43680;8120;0;218;242;239;1;2;53083;15958;3707;6;6;0;38;2;11;14;True;1655758649.936;06/20/2022 - 22:57:29;0;0;6673;1;1416.225147355956;681.6718447007928;1;16.130028682378224;;;;;;0.07412344029088141;;2169.292263741026;;
5;1;2;0;173;0;28.500000029802322;1;0;0;3;0;2;632.7573372042268;0.1758363095621132;0;7;172;0;1;0;0;0;2;16.000000029802322;0;0;0;0;0;0;1865.7574544551862;0;490.6392236979201;0;0;1;0;0;0;0;0;2.857142857142857;2;0.5128205128205128;0;6;0;0;0;0;0;6;55;0;0;22;0;2;-114.00000005960464;0;0;1;0;0;0;0;1;0;16;0;1;0;0;1;0;0;169;17;0;0;2;1;5;0;0;0;20;0;1;12;3;0;1;0.19780385984491494;1;2;0;0;3;3;5;0;0;0.4294551610946655;0.8246670073106034;5;3;1;13688;15;429;Kalista;0;3;3683;16838;3683;21832;7;2;1;0;True;False;True;False;False;False;False;15256;14440;BOTTOM;1;2;0;3139;3153;3124;0;6673;3006;3363;27;4;15;BOTTOM;263;7;2;472;3036;2345;7702;51;0;0;1;0;0;9;0;149768;16109;12225;4414;khXQos6v2wgjg-I_kFMb72wf4MlXleo2YarLf3FKEE4-khS4zPxOCrnbGAj446qcVE7WBcnCmbBsCw;0;;;CARRY;0;64;7;100;2;4;4;5;3;hQmh7IdYN8vC4_1JavWtnbG3PklEz33Prx6tyg2Hxd5LjoE;353;AeronSama;False;200;BOTTOM;13;1865;155955;19676;0;21747;1225;0;156;212;210;1;0;3150;1220;1820;1;1;0;25;2;5;10;True;1655579536.794;06/18/2022 - 21:12:16;0;0;6673;1;1760.8653927081918;958.4752645938611;;;;;862.8321102009054;1;;0.07423101155026082;;1690.13174096127;;
24;0;1;1;236;0;0;1;0;0;0;1;4;647.8081876021095;0.11128849602246461;0;3;112;0;0;0;0;0;18;0;0;0;0;0;1;2;2309.602386279917;0;284.61138788645695;0;0;10;0;0;0;0;0;9;9;0.6585365853658537;0;0;0;0;0;0;0;24;4;0;0;16;1;2;-124.00000008940697;0;0;0;0;0;0;0;0;0;22;0;0;0;0;0;0;0;25;202;0;0;0;3;24;0;0;0;27;0;0;6;1;0;1;0.1653772084107194;0;0;0;0;0;3;0;0;0;-0.18921107053756714;1.832635622511263;6;2;0;15915;16;22;Ashe;0;7;1140;2749;1140;5680;3;4;0;0;True;False;False;False;False;False;True;10955;10050;UTILITY;0;1;0;3864;3158;6696;4005;6609;0;3364;26;0;3;BOTTOM;176;0;1;957;12402;9699;6608;0;0;0;0;0;0;10;0;52585;13843;6390;5387;V2R-PdStOTRlf7hzAh9ErJNNjwG7xaEC3s0kEfMU6SfPacjl6lZSzHYyjrf93wCdQ5t4VL4I5zuC6g;0;;;SUPPORT;0;2;190;18;26;4;4;5;3;LQeU_t1A9C5sQiCndRCMSYfF-q55ysh7XjhEMBrHF7FlaOc;561;Babyface Ray;False;200;UTILITY;76;2309;66441;24936;0;14022;1686;0;29;611;90;1;0;1453;1393;1023;1;6;0;70;4;6;28;True;1655931354.584;06/22/2022 - 22:55:54;0;0;4005;1;1925.03677118521;;;31.73765632733648;;;;;;0.15973007726567096;;;;
3;0;0;0;105;0;0;0;0;0;0;0;3;405.3885403528138;0.11584375585816407;0;6;35;0;0;0;0;0;8;0;0;0;0;0;0;0;1388.4581901911506;0;220.03961855330647;0;0;2;0;0;0;0;0;0.5;0;0.3;0;0;0;0;0;0;0;12;6;0;0;19.25;0;1;-105.90000009536743;0;0;0;0;0;0;0;0;0;2;0;0;0;0;0;0;0;1;83;0;0;0;2;10;0;0;0;3;0;0;2;0;0;0;0.16691238711681983;0;0;0;0;0;0;0;0;0;-0.6048773527145386;0.9914341221724644;3;3;0;7611;11;22;Ashe;0;7;0;943;0;4657;6;3;0;0;True;False;False;False;False;False;False;5091;4825;UTILITY;0;0;3;3864;2055;3158;4005;1036;0;3363;18;0;0;BOTTOM;108;0;0;294;4174;3764;3542;1;0;1;0;0;0;5;0;27148;5328;6381;5387;V2R-PdStOTRlf7hzAh9ErJNNjwG7xaEC3s0kEfMU6SfPacjl6lZSzHYyjrf93wCdQ5t4VL4I5zuC6g;0;;;SUPPORT;0;5;82;7;11;4;4;4;3;LQeU_t1A9C5sQiCndRCMSYfF-q55ysh7XjhEMBrHF7FlaOc;561;Babyface Ray;False;100;UTILITY;46;1388;31610;9381;0;10077;0;0;28;463;130;0;0;288;288;153;0;11;0;22;5;3;13;False;1655928479.869;06/22/2022 - 22:07:59;0;0;;;;;;;;;;;;0.043837276317183975;;;;
5;0;0;0;133;0;0;1;0;0;0;0;3;381.82356950214967;0.14995611369080777;0;4;52;0;1;0;0;0;8;0;0;0;0;0;0;0;1634.7669157154685;0;255.93931405429655;0;0;4;0;0;0;0;0;1.5;1;0.35294117647058826;0;0;0;0;0;0;0;15;7;0;0;9;5;1;-98.00000002980232;0;0;0;0;0;0;0;0;0;5;0;0;0;0;0;0;0;28;97;0;0;1;1;15;0;0;0;6;0;0;1;0;0;1;0.1733344394444091;0;1;0;0;0;0;0;0;0;0.13423538208007812;1.7499489151615288;3;2;0;8717;12;22;Ashe;0;5;647;2388;647;5329;4;3;0;0;True;False;False;False;False;False;False;6973;6175;UTILITY;0;0;0;3864;3133;3158;4005;3070;1036;3364;18;0;1;BOTTOM;143;0;1;828;5679;3622;8649;0;0;0;0;0;0;5;0;27258;6389;4925;5387;V2R-PdStOTRlf7hzAh9ErJNNjwG7xaEC3s0kEfMU6SfPacjl6lZSzHYyjrf93wCdQ5t4VL4I5zuC6g;0;;;SUPPORT;0;4;104;12;13;2;4;5;3;LQeU_t1A9C5sQiCndRCMSYfF-q55ysh7XjhEMBrHF7FlaOc;561;Babyface Ray;False;100;UTILITY;36;1634;33565;10403;0;14008;1348;0;24;411;90;1;0;627;391;433;0;3;0;47;3;3;18;True;1655926676.759;06/22/2022 - 21:37:56;0;0;4005;;1507.2700823632545;1051.2749319341794;;;;;868.0216187386478;;;0.0160870354355278;;;;
14;0;0;0;232;0;0.5;4;0;500;0;1;3;757.6176848115236;0.11111741944772471;0;6;168;0;4;0;0;0;16;0;1;0;0;0;0;2;2208.1651398537333;0;280.04290322392325;0;0;2;0;0;0;0;0;2.6666666666666665;4;0.5925925925925926;0;0;0;0;0;1;0;14;4;0;0;42.5;0;1;-114.90000003576279;0;0;0;0;0;0;0;0;0;14;0;0;0;0;0;0;0;5;215;0;0;0;2;24;0;0;0;16;0;0;2;0;0;2;0.17519639339670054;0;2;0;0;1;0;10;0;0;-0.11313110589981079;1.9300798160971429;9;5;0;13341;15;22;Ashe;0;7;212;4666;212;9009;6;3;0;1;True;False;False;False;False;False;False;10306;9975;UTILITY;0;0;1;3864;2055;4005;3158;3042;6609;3364;25;0;2;BOTTOM;176;0;1;557;10752;8909;10840;4;0;1;0;0;1;10;0;55351;17609;4884;5387;V2R-PdStOTRlf7hzAh9ErJNNjwG7xaEC3s0kEfMU6SfPacjl6lZSzHYyjrf93wCdQ5t4VL4I5zuC6g;0;;;SUPPORT;0;7;181;21;23;6;4;7;3;LQeU_t1A9C5sQiCndRCMSYfF-q55ysh7XjhEMBrHF7FlaOc;561;Babyface Ray;False;200;UTILITY;90;2208;67467;27882;0;16364;897;0;51;663;203;1;0;1363;1363;639;0;8;0;71;5;9;27;False;1655914867.415;06/22/2022 - 18:21:07;0;0;4005;1;1308.0619174661874;499.9924232114088;;;;;;1;;0.32293033783207536;;;1;
6;0;0;0;427;0;4;1;0;150;1;0;0;1049.1860837083163;0.13873921150920993;0;6;99;0;0;0;0;0;20;4;0;0;0;0;0;1;2507.5584871;0;349.17751724611406;0;0;2;0;0;0;0;0;1.8333333333333333;0;0.39285714285714285;0;0;0;0;2;0;2;3;74;0;0;22;0;1;-116.00000008940697;0;0;1;0;0;0;0;0;0;11;0;0;0;0;0;0;0;11;88;0;0;0;4;10;0;0;0;11;0;0;0;0;0;1;0.24340780476364116;0;1;0;0;0;1;5;0;0;0.20360755920410156;0.38043600390704035;1;0;0;16585;17;115;Ziggs;0;2;6856;11109;6856;13400;6;0;1;0;True;False;False;False;False;False;False;14593;13550;BOTTOM;0;0;2;6653;3157;3020;3040;4645;1026;3340;19;1;5;BOTTOM;0;2;2;907;205410;41573;11857;8;0;1;0;0;0;4;0;10520;1022;12071;5387;V2R-PdStOTRlf7hzAh9ErJNNjwG7xaEC3s0kEfMU6SfPacjl6lZSzHYyjrf93wCdQ5t4VL4I5zuC6g;0;;;CARRY;0;216;101;94;16;5;4;4;12;LQeU_t1A9C5sQiCndRCMSYfF-q55ysh7XjhEMBrHF7FlaOc;561;Babyface Ray;False;100;BOTTOM;26;2507;222182;43848;0;25376;2438;0;264;408;269;1;0;6251;1251;1447;1;10;0;15;0;1;10;False;1655912137.721;06/22/2022 - 17:35:37;0;0;6653;;1532.1741043;;;;;;783.5014563;;;;;;;
15;0;2;0;477;0;4;0;0;450;0;0;5;1053.072902049395;0.1019569935705087;0;2;112;0;0;2173.99951171875;0;0;26;0;0;0;0;0;1;2;2309.602386279917;0;417.7734117707385;0;0;9;0;0;0;0;0;10.5;4;0.5121951219512195;0;0;0;0;0;0;0;6;78;0;0;104.7999999821186;1;2;-124.00000008940697;0;0;0;0;0;1;0;0;0;16;0;0;0;0;0;0;0;13;77;0;0;0;3;13;0;2;0;21;0;0;3;0;0;1;0.2688361464502997;0;0;0;0;3;2;0;0;0;0.44825243949890137;0.8567526038382555;2;0;0;20738;18;99;Lux;0;11;3744;3837;3744;11285;2;5;0;0;True;False;False;False;False;False;True;16081;15515;MIDDLE;1;1;0;3089;3157;4628;1052;6655;3020;3340;30;2;6;MIDDLE;0;3;1;1367;221975;36517;2114;4;0;0;0;0;0;8;0;15324;1392;7759;24;J7Imj7aCxAclhE8hYmw2w3GOarNoub9kp0clXGP7HloQrhb55n6djcO_4_PcUPqs8F6b5eHzcD-zcQ;0;;;SOLO;0;94;35;320;28;3;12;4;4;IzR1HYIO15bFKDxgEmTU-k-Dn_hFPa0kSnO_mRE6UrqxIOT5;119;KevtheGreat2;False;200;MIDDLE;53;2309;240234;40536;2173;12846;823;0;296;631;94;1;0;2934;2626;2973;0;6;0;32;6;2;18;True;1655931354.584;06/22/2022 - 22:55:54;0;0;6655;1;1925.03677118521;;1;;;;;;1;0.17075969241364658;;;;
4;0;0;0;236;0;0;0;0;0;0;0;1;698.5539893563313;0.1476980125548858;0;6;35;0;0;0;0;0;6;0;0;0;0;0;0;0;1388.4581901911506;0;338.02342756879244;0;0;2;0;0;4;0;0;0.8333333333333334;0;0.5;0;0;0;0;0;0;0;12;83;0;0;20;0;1;-101.90000009536743;0;0;0;0;0;0;0;0;0;5;0;0;0;0;0;0;1;10;54;0;0;0;2;5;0;0;0;5;0;0;3;0;0;0;0.2876186726737934;0;0;0;0;0;0;0;0;0;0.19089746475219727;0.8301437277195963;0;0;0;11500;14;112;Viktor;0;9;0;0;0;10886;6;1;0;0;True;False;False;False;False;False;False;7822;7585;MIDDLE;0;0;3;1056;3157;2003;1052;4644;3020;3340;20;0;1;MIDDLE;0;0;1;363;91822;15401;3628;4;0;1;0;0;0;2;0;12722;763;8764;24;J7Imj7aCxAclhE8hYmw2w3GOarNoub9kp0clXGP7HloQrhb55n6djcO_4_PcUPqs8F6b5eHzcD-zcQ;0;;;SOLO;0;84;15;79;58;2;12;3;4;IzR1HYIO15bFKDxgEmTU-k-Dn_hFPa0kSnO_mRE6UrqxIOT5;119;KevtheGreat2;False;100;MIDDLE;16;1388;107040;16165;0;12848;392;0;179;172;155;1;0;2495;0;455;0;11;0;19;2;0;6;False;1655928479.869;06/22/2022 - 22:07:59;0;0;4644;;;;;;;;;;;0.5391981844147781;;;;
3;0;0;0;189;0;0;0;0;450;0;0;2;609.7302712807576;0.1604506922508346;0;3;52;0;0;0;0;0;8;0;0;0;0;0;0;0;1634.7669157154685;0;433.2786543242483;0;0;2;0;0;0;0;0;3.3333333333333335;0;0.5882352941176471;0;3;0;0;0;0;0;0;62;0;0;13.399999976158142;5;2;-98.00000002980232;0;0;0;0;0;2;0;0;0;6;0;0;0;0;0;0;0;31;13;0;0;4;1;8;0;0;0;10;0;0;2;0;0;1;0.2767960472491015;0;1;0;0;1;1;0;0;0;0.6640151739120483;0.6657867447189725;1;0;0;14019;15;105;Fizz;0;2;4027;4027;4027;7287;3;2;0;0;True;False;False;False;False;False;False;11805;9550;MIDDLE;0;0;0;6655;2033;4645;1082;1058;3020;3340;19;2;7;MIDDLE;0;4;1;930;83383;14110;7869;0;0;0;0;0;0;3;0;17435;1761;6565;24;J7Imj7aCxAclhE8hYmw2w3GOarNoub9kp0clXGP7HloQrhb55n6djcO_4_PcUPqs8F6b5eHzcD-zcQ;0;;;SOLO;0;39;82;56;12;6;14;3;4;IzR1HYIO15bFKDxgEmTU-k-Dn_hFPa0kSnO_mRE6UrqxIOT5;119;KevtheGreat2;False;100;MIDDLE;13;1634;101559;16612;0;14988;545;0;173;148;80;1;0;740;740;553;1;3;0;18;2;1;10;True;1655926676.759;06/22/2022 - 21:37:56;0;0;6655;;1507.2700823632545;;;;;;868.0216187386478;;;0.11569518901202402;;;;
6;0;0;0;306;0;4;1;0;525;0;0;3;948.5080549789564;0.259005801463756;0;9;168;0;0;0;0;0;13;0;0;0;0;0;0;2;2208.1651398537333;0;425.56090259727824;0;0;4;0;0;0;0;0;2.111111111111111;2;0.7037037037037037;0;2;0;0;0;1;0;3;80;0;0;33;0;2;-114.90000003576279;0;0;1;0;0;7;0;0;0;11;0;0;0;0;0;0;1;22;29;0;0;6;2;10;0;6;0;19;0;0;4;1;0;2;0.21933911215572102;0;2;0;0;2;0;10;0;0;0.359272837638855;0.8197633116149384;2;0;0;16305;16;39;Irelia;0;8;1209;4072;1209;45961;9;3;1;0;True;False;True;False;False;False;False;15661;15550;MIDDLE;0;0;1;6609;1033;3091;3153;3111;6673;3340;28;4;13;MIDDLE;510;3;2;558;23783;12139;16967;8;0;1;0;0;0;8;0;109947;21032;19508;24;J7Imj7aCxAclhE8hYmw2w3GOarNoub9kp0clXGP7HloQrhb55n6djcO_4_PcUPqs8F6b5eHzcD-zcQ;0;;;SOLO;0;212;18;66;10;6;14;4;4;IzR1HYIO15bFKDxgEmTU-k-Dn_hFPa0kSnO_mRE6UrqxIOT5;119;KevtheGreat2;False;200;MIDDLE;15;2208;135501;34907;0;38144;4883;0;191;66;401;1;0;1770;1736;1668;0;8;0;30;4;2;13;False;1655914867.415;06/22/2022 - 18:21:07;0;0;6673;1;1308.0619174661874;;;22.643898159081118;;;;;;0.26432120091430245;;;;
10;0;0;0;480;0;8;1;0;375;1;0;2;1223.692824678123;0.14669479278479772;0;10;99;0;2;4550.23876953125;0;0;33;4;0;0;0;0;0;1;2507.5584871;0;399.21127668599775;0;0;4;0;0;0;0;1;1.9;3;0.6785714285714286;0;1;2;0;0;0;0;11;83;0;0;57;0;2;-116.00000008940697;0;0;0;0;0;2;0;0;0;13;0;0;0;0;0;0;2;18;88;0;0;5;4;10;0;0;0;19;0;0;5;0;0;1;0.28389280870668504;0;1;0;0;5;3;5;0;0;-0.21943074464797974;0.778881735762329;2;1;0;17569;17;99;Lux;0;13;2023;6957;2023;25567;10;2;0;0;True;False;True;True;False;False;False;16684;16325;MIDDLE;0;1;2;6655;3157;4630;4628;3089;3020;3363;32;3;9;TOP;0;4;1;549;176216;46955;7530;20;0;1;0;0;0;3;0;14322;1864;17722;24;J7Imj7aCxAclhE8hYmw2w3GOarNoub9kp0clXGP7HloQrhb55n6djcO_4_PcUPqs8F6b5eHzcD-zcQ;0;;;DUO;0;99;45;305;31;4;12;5;4;IzR1HYIO15bFKDxgEmTU-k-Dn_hFPa0kSnO_mRE6UrqxIOT5;119;KevtheGreat2;False;100;MIDDLE;64;2507;192859;51141;4550;26831;354;0;216;515;429;1;0;2321;2321;1578;1;10;0;32;6;2;15;False;1655912137.721;06/22/2022 - 17:35:37;1;0;6655;;1532.1741043;695.0594793;1;;;;783.5014563;;;0.18986817801032344;;;;
12;0;0;0;203;0;0;0;0;1200;0;0;0;1593.842755104184;0.238416455748801;0;18;31;0;1;0;0;0;54;9.000000029802322;0;0;0;0;0;0;2478.9869012151885;0;435.30971050452774;0;0;3;0;0;0;0;0;1.3888888888888888;2;0.5;0;2;1;0;1;1;0;6;61;0;0;47;0;1;-110.00000002980232;0;0;3;1;0;9;0;0;0;19;0;0;0;0;0;0;0;38;36;0;0;1;3;8;0;3;1;25;0;2;9;0;0;0;0.33174368927392395;0;1;0;1;2;2;5;0;0;-0.3817165493965149;0.36479804939096466;2;1;0;14827;16;360;Samira;0;1;3069;3529;3069;69993;18;0;2;0;True;True;False;False;True;False;False;17985;18050;BOTTOM;0;0;1;3139;6673;3047;6333;3072;3036;3340;26;2;13;BOTTOM;551;4;3;344;23109;8275;13294;9;0;1;0;0;0;4;0;159421;56134;35092;3870;O_SL8qyYwLhQlMkIlV3zxDnF2XNYwZ4OmopHgy46mWEEYJSCarFH6_fR2hgRR5uzUhUcYdX7DGRd8A;0;;;CARRY;0;118;25;45;15;7;4;8;3;pAnlkbbND50iS0BFW5zlXIZ9Og2fSH8mi6gjeHjpr54pY07u;180;EvangelineBe;False;100;BOTTOM;10;2478;184418;65851;0;56558;5110;0;197;55;749;1;1;1888;1442;8171;2;8;0;15;0;2;8;False;1655925817.85;06/22/2022 - 21:23:37;0;1;6673;;;796.4028921413314;1;;;;855.4055705073143;;;;;;;
0;0;0;0;278;0;1;0;0;0;0;0;0;316.020053359356;0.19305982312023653;0;5;29;0;0;0;0;0;0;0;0;0;0;0;0;0;1175.6411584999998;0;277.34571949213534;0;0;0;0;0;1;0;0;0;0;0;0;0;0;0;0;0;0;87;63;0;0;8;0;1;-129.00000008940697;0;0;0;0;0;0;0;0;0;0;0;0;0;0;0;0;0;7;195;0;0;0;0;5;0;0;0;0;0;0;0;0;0;0;0.23540078513755736;0;0;0;0;0;0;0;0;0;-0.6093443632125854;0.3664506741464768;0;0;0;7470;11;221;Zeri;0;0;0;0;0;3809;5;0;0;0;True;False;False;False;False;False;True;5434;4600;MIDDLE;0;0;0;3133;3020;3070;1026;0;3802;3340;7;0;0;NONE;598;0;0;513;29751;4256;5777;1;0;0;0;0;0;8;0;17237;1312;3262;3870;O_SL8qyYwLhQlMkIlV3zxDnF2XNYwZ4OmopHgy46mWEEYJSCarFH6_fR2hgRR5uzUhUcYdX7DGRd8A;0;;;DUO;0;227;38;9;4;2;4;2;14;pAnlkbbND50iS0BFW5zlXIZ9Og2fSH8mi6gjeHjpr54pY07u;180;EvangelineBe;False;200;MIDDLE;3;1175;63922;6192;0;10990;0;0;120;92;117;0;0;16933;623;1950;0;6;0;7;0;0;5;False;1655760552.657;06/20/2022 - 23:29:12;0;0;;;;;;;;;;;;;;;;
2;0;0;0;103;0;0;0;0;0;0;0;0;344.29558802899953;0.14954272456765588;0;8;65;0;0;0;0;0;0;0;0;0;0;0;0;0;1569.7701631910759;0;309.2729139348729;0;0;0;0;0;0;0;0;0.25;0;0.18181818181818182;0;0;0;0;0;0;0;3;70;0;0;6;0;0;-108.00000008940697;0;0;0;0;0;0;0;0;0;2;0;0;0;0;0;0;0;76;17;0;0;0;3;6;0;0;0;2;0;0;1;0;0;0;0.1359095536175145;0;1;0;0;0;0;0;0;0;-0.44054341316223145;0.5149670544772468;4;2;1;9808;12;360;Samira;0;2;0;0;0;12191;8;0;0;0;True;False;False;False;False;False;False;8091;8050;BOTTOM;0;0;3;1055;6673;3047;3036;0;0;3340;15;0;0;BOTTOM;302;0;0;514;8797;1161;6313;0;0;1;0;0;0;4;0;75018;7730;11689;3870;O_SL8qyYwLhQlMkIlV3zxDnF2XNYwZ4OmopHgy46mWEEYJSCarFH6_fR2hgRR5uzUhUcYdX7DGRd8A;0;;;CARRY;0;79;9;12;3;4;4;5;3;pAnlkbbND50iS0BFW5zlXIZ9Og2fSH8mi6gjeHjpr54pY07u;180;EvangelineBe;False;100;BOTTOM;2;1569;83932;9007;0;18829;623;0;185;15;204;1;0;115;115;827;0;11;0;13;0;4;6;False;1655759093.907;06/20/2022 - 23:04:53;0;0;6673;;;;;;;;;;;;;;;
1;0;0;0;98;0;0;0;0;375;0;0;1;417.7946368790133;0.17074270615310883;0;6;8;0;0;0;0;0;0;1.5;0;0;0;0;0;0;1441.167683252507;0;373.96823684227064;0;0;0;0;0;0;0;0;0.8333333333333334;1;0.38461538461538464;0;2;0;0;0;0;0;5;59;0;0;0;0;1;-110.6000000834465;0;0;0;0;0;1;0;0;0;5;0;0;0;0;0;0;0;26;22;0;0;0;0;3;0;0;1;5;0;0;3;0;0;0;0.2316378479184112;0;1;0;0;1;1;0;0;0;-0.22317993640899658;0.35576327760632004;0;0;0;8472;11;360;Samira;0;2;1129;4343;1129;8981;6;1;0;0;True;False;False;False;False;False;True;8982;8825;BOTTOM;0;0;1;3072;6673;3047;0;0;0;3340;14;1;4;BOTTOM;2543;2;1;706;7016;1227;4114;3;0;0;0;0;0;9;0;67936;8643;8993;3870;O_SL8qyYwLhQlMkIlV3zxDnF2XNYwZ4OmopHgy46mWEEYJSCarFH6_fR2hgRR5uzUhUcYdX7DGRd8A;0;;;DUO;0;72;9;12;5;2;4;2;14;pAnlkbbND50iS0BFW5zlXIZ9Og2fSH8mi6gjeHjpr54pY07u;180;EvangelineBe;False;200;BOTTOM;0;1440;77661;10035;0;15329;810;0;168;0;141;1;0;2707;164;2220;0;7;0;8;1;0;4;False;1654978547.936;06/11/2022 - 22:15:47;0;0;6673;;;;;;;;;;;0.08389526508258098;;;;
12;0;0;0;172;0;4;1;0;0;1;0;0;816.3720699197179;0.18919939820568474;0;7;111;0;3;0;0;0;12;7.600000023841858;0;1;0;0;1;1;2052.340852578122;0;447.2556085789407;0;0;2;0;0;0;0;0;3.4285714285714284;2;0.5333333333333333;0;4;1;0;0;0;0;11;36;0;0;124.60000002384186;5;2;-110.00000005960464;0;0;1;0;0;3;0;0;0;21;0;0;0;0;0;0;0;29;34;0;0;0;2;9;1;0;0;24;0;0;7;1;0;1;0.23253312997642087;0;0;0;0;0;5;0;0;0;-0.8652792572975159;0.49175755137156746;4;1;2;15988;16;360;Samira;0;2;5771;17427;5771;26179;7;0;1;1;True;False;False;False;False;False;False;15298;13925;BOTTOM;1;1;0;6333;6673;3047;3072;1037;1038;3340;21;3;12;BOTTOM;622;5;2;361;15745;4812;11399;15;0;0;1;0;0;4;0;129195;21239;15125;3870;O_SL8qyYwLhQlMkIlV3zxDnF2XNYwZ4OmopHgy46mWEEYJSCarFH6_fR2hgRR5uzUhUcYdX7DGRd8A;0;;;CARRY;0;115;16;34;7;5;4;8;14;pAnlkbbND50iS0BFW5zlXIZ9Og2fSH8mi6gjeHjpr54pY07u;179;EvangelineBe;False;100;BOTTOM;3;2052;164377;27924;0;29568;4880;0;174;33;176;1;0;19436;1873;3042;4;6;0;16;0;4;9;True;1654976534.067;06/11/2022 - 21:42:14;0;0;6673;;1637.9681650794762;1260.7191514742797;;43.66552862360163;;;;;;;;;;
33;0;0;0;249;0;0;0;0;375;0;0;0;1008.3357447301606;0.1723119301212655;0;14;91;0;0;7475.19140625;0;0;18;0;0;0;0;0;0;11;1113.728392855921;0;669.3749389726144;0;0;8;0;0;0;0;1;3.142857142857143;4;0.6376811594202898;0;4;0;0;4;0;0;17;10;0;0;0;0;2;-24;1;0;2;0;0;1;0;0;0;35;0;0;0;0;0;2;0;41;55;0;0;0;0;0;0;5;0;44;0;2;38;0;0;0;0.11026017411674555;0;0;0;0;0;1;0;0;0;-1;0;0;0;0;17451;17;37;Sona;0;0;84;84;84;21680;14;0;2;0;True;False;False;True;False;False;True;12425;13400;Invalid;0;0;1;6653;3040;4629;3067;3158;3133;2052;19;3;11;NONE;0;4;2;106;24800;14640;15151;0;0;0;0;0;0;4;0;5149;3023;16549;23;-8O4bSsMrCVB1ueSFBRhO04rK1zE8wF38Vu7Sk6nsGBrvdHpMnOFxjoaNvCzQzhPNQBNGA8wFtGIOw;0;;;SUPPORT;0;83;77;78;11;4;4;7;6;kF2l1poGtLdGJjWu66673wfAipgHNqU07un66RjkTGEqCE4;505;UrbanNinja;False;100;;26;1113;31003;18716;5262;32200;8143;2212;15;47;330;5;0;1053;1053;499;0;4;0;0;0;0;0;False;1655907237.384;06/22/2022 - 16:13:57;0;0;6653;;;;;;;;444.4896169686703;;;;;;;
18;1;4;0;390;0;104.00000023841858;1;0;750;1;0;3;632.1787627376294;0.33457957610686306;0;7;43;0;5;0;0;1;119;16.40000009536743;1;0;0;0;0;3;2261.125540954391;;385.4578345612878;0;0;15;2;1;42.00000008940697;0;0;3.4285714285714284;3;0.6;0;2;;0;0;1;12;2;4;0;0;2.9802322387695312e-08;2;1;-78.99999997019768;0;0;1;0;0;1;0;0;0;22;0;0;0;0;0;0;3;85;24;0;0;0;4;2;0;6;0;24;0;0;3;0;0;1;0.1868029805105187;1;0;0;0;0;2;0;0;0;0.6023315191268921;0.7520188592757538;5;1;0;16973;17;154;Zac;0;3;860;21175;860;55067;7;3;1;2;True;False;False;False;False;False;False;14526;13425;JUNGLE;0;1;0;1082;4637;3065;6662;3075;3158;3364;19;2;6;JUNGLE;19;4;2;573;141823;16569;16786;156;0;0;0;0;0;7;0;28538;1456;41762;23;-8O4bSsMrCVB1ueSFBRhO04rK1zE8wF38Vu7Sk6nsGBrvdHpMnOFxjoaNvCzQzhPNQBNGA8wFtGIOw;0;;;NONE;0;81;204;93;12;4;4;17;11;kF2l1poGtLdGJjWu66673wfAipgHNqU07un66RjkTGEqCE4;505;UrbanNinja;False;200;JUNGLE;60;2261;190949;23823;0;64609;53508;0;29;1096;249;1;0;20586;5797;6059;0;4;0;28;3;5;5;True;1655888266.405;06/22/2022 - 10:57:46;0;0;6662;;1509.4152210804186;342.3963808136441;;;0;0;869.9215194165753;;1;0.14563380547080618;;2067.726080160089;;
21;0;2;0;179;3;0;0;0;450;0;0;0;1813.9909813731028;0.2629852907540415;0;10;141;0;0;0;0;0;0;0;0;0;0;0;3;4;1020.7421157;0;730.2648709305138;0;0;0;0;0;0;0;4;3;1;0.625;1;2;0;0;0;0;0;13;23;0;0;13;5;0;-25;0;0;2;0;0;3;0;0;0;20;0;0;0;0;0;0;0;176;80;0;0;0;0;0;0;4;1;30;0;0;24;0;0;0;0.2562881519256108;0;0;0;0;0;4;0;0;0;-1;0;0;0;0;16300;16;887;Gwen;0;2;3604;3604;3604;30377;10;0;2;0;True;False;False;True;False;False;False;12423;10700;Invalid;0;1;0;4633;3115;3047;3065;1028;0;2052;16;3;9;NONE;0;2;2;115;33266;16250;18280;0;1;0;1;0;0;8;0;14486;3665;16788;23;-8O4bSsMrCVB1ueSFBRhO04rK1zE8wF38Vu7Sk6nsGBrvdHpMnOFxjoaNvCzQzhPNQBNGA8wFtGIOw;0;;;SUPPORT;0;61;33;62;23;3;4;6;6;kF2l1poGtLdGJjWu66673wfAipgHNqU07un66RjkTGEqCE4;505;UrbanNinja;False;200;;5;1020;62154;30860;0;36097;8735;0;41;54;244;1;0;14400;10943;1028;1;1;0;0;0;0;0;True;1655842043.245;06/21/2022 - 22:07:23;0;0;4633;;;;;15.211361300000021;;;346.9633551;;;;;;;
15;0;3;0;259;2;0;0;0;1650;0;0;0;2364.9618682612586;0.33207103654058506;0;10;55;0;0;0;0;0;30;0;0;0;0;0;2;13;1033.0543479;0;1031.2225183656283;0;0;15;0;0;0;0;2;4.4;15;0.8301886792452831;0;4;0;1;8;0;0;0;31;0;1;59;1;2;-22;0;0;18;2;0;10;0;0;0;36;0;0;0;0;0;0;0;66;0;0;0;0;0;0;1;9;1;44;1;0;38;0;0;0;0.32809125787684396;0;0;0;1;0;4;0;0;0;-1;0;0;0;0;17566;17;200;Belveth;0;0;6653;6653;6653;49833;10;0;10;0;True;False;True;False;False;False;False;17755;15700;Invalid;0;1;1;6672;3153;3047;3072;3065;3155;2052;21;8;29;NONE;532;5;5;169;5778;3489;14486;0;1;0;1;0;0;2;1;74278;22556;23199;23;-8O4bSsMrCVB1ueSFBRhO04rK1zE8wF38Vu7Sk6nsGBrvdHpMnOFxjoaNvCzQzhPNQBNGA8wFtGIOw;2;;;SUPPORT;0;182;34;19;24;5;4;7;21;kF2l1poGtLdGJjWu66673wfAipgHNqU07un66RjkTGEqCE4;505;UrbanNinja;False;100;;30;1032;105134;40718;0;43443;7424;0;72;145;246;1;5;25077;14672;5757;3;2;0;0;0;0;0;True;1655840814.086;06/21/2022 - 21:46:54;0;0;6672;;;;1;7.497632800000019;;;455.90840579999997;;;;;;;
2;0;0;0;588;0;77.00000011920929;0;0;0;1;0;1;413.18052718730536;0.25022367416368213;0;5;24;0;0;0;0;0;0;8;0;0;0;0;0;0;1442.2151472148525;;302.2580395780118;0;0;0;2;1;40.000000059604645;0;0;0.6;0;0.12;0;1;;0;0;0;0;25;8;0;0;4.600000023841858;0;1;-68.00000002980232;0;0;0;0;0;0;0;0;0;3;0;0;0;0;0;0;3;3;296;0;0;0;1;0;0;0;0;3;0;0;3;0;0;0;0.18227913283146108;0;0;0;0;0;0;0;0;0;0.2863931655883789;1.0216784584192968;4;4;0;9425;12;221;Zeri;0;1;45;8854;45;8762;5;1;0;0;True;False;False;False;False;False;True;7265;6208;JUNGLE;0;0;0;3078;2031;3006;0;3077;0;3364;13;0;1;JUNGLE;350;0;1;583;38678;4037;3028;112;0;0;0;0;0;2;0;59400;4533;17029;23;-8O4bSsMrCVB1ueSFBRhO04rK1zE8wF38Vu7Sk6nsGBrvdHpMnOFxjoaNvCzQzhPNQBNGA8wFtGIOw;0;;;NONE;0;480;68;35;5;5;6;14;11;kF2l1poGtLdGJjWu66673wfAipgHNqU07un66RjkTGEqCE4;505;UrbanNinja;False;100;JUNGLE;7;1442;109218;9931;0;21484;4890;0;22;312;113;1;0;11138;1360;1427;0;2;0;24;1;4;1;False;1655839526.642;06/21/2022 - 21:25:26;0;0;3078;;;;;;0;1;;1;;0.2994504957888022;;;;
1;0;0;0;50;0;0;0;0;0;0;0;0;151.45264316415293;0.18695465008607623;0;4;15;0;0;0;0;0;23;0;0;0;0;0;0;0;966.1444579566834;0;196.53905337209255;0;0;1;0;0;0;0;0;0.25;0;0.14285714285714285;0;0;0;0;0;0;1;3;16;0;0;0;0;1;-93.00000008940697;0;0;0;0;0;0;0;0;0;1;0;0;0;0;0;0;0;12;7;0;0;0;0;2;0;0;0;1;0;0;1;0;0;0;0.09339551866805891;0;0;0;0;1;0;0;0;0;-0.3507327437400818;0.478401938330174;1;1;0;4180;8;53;Blitzcrank;0;3;131;131;131;6770;4;0;0;0;True;False;False;False;False;False;True;3164;2450;UTILITY;0;0;0;2031;3067;3070;3858;1001;1004;3364;12;0;0;NONE;0;0;0;353;4071;1403;2107;0;0;0;0;0;0;10;0;5141;1035;6389;7;QI2PQRuoiXGH3663nTh9cGv5uEcAisvNQS-5YV3ceLrGVI12iCh5QWPrPJucx3fQNxB28urBDGunYg;0;;;SUPPORT;0;17;13;16;4;5;4;3;3;cLnw3uS3I70mBNpDunWU0ma8zzC_hFe_RQWgEykNIYWmnhg;266;zRJD;False;200;UTILITY;18;965;14775;2438;0;9210;0;0;25;123;49;0;0;5561;0;713;0;4;0;7;0;1;2;False;1655919707.449;06/22/2022 - 19:41:47;0;0;;;;;;;;;;1;;;;;;
6;0;0;0;179;0;5.200000017881393;0;0;0;0;0;2;376.4067447646713;0.09056565184554781;0;2;9;0;1;411.99993896484375;0;0;17;0;0;0;0;0;0;0;1865.075537255996;0;317.2598964788109;0;0;4;0;0;0;0;0;3.5;1;0.3684210526315789;0;0;0;0;0;0;0;0;62;0;0;1;0;1;-105.20000007748604;0;0;0;0;0;0;0;0;0;5;0;0;0;0;0;0;0;12;16;0;0;0;0;6;0;0;0;7;0;0;0;0;0;0;0.16562260644450602;0;1;0;0;1;1;5;0;0;2.168117046356201;1.013327088677399;3;1;0;12037;14;202;Jhin;0;5;1218;2487;1218;4985;2;2;0;0;True;False;False;False;False;False;False;9861;9500;BOTTOM;0;0;2;6692;6676;3009;3035;1018;0;3363;24;0;1;BOTTOM;1080;0;1;878;9838;1138;4163;5;0;1;0;0;0;1;0;117081;10123;4971;7;QI2PQRuoiXGH3663nTh9cGv5uEcAisvNQS-5YV3ceLrGVI12iCh5QWPrPJucx3fQNxB28urBDGunYg;0;;;CARRY;0;76;37;37;29;4;4;4;7;cLnw3uS3I70mBNpDunWU0ma8zzC_hFe_RQWgEykNIYWmnhg;266;zRJD;False;100;BOTTOM;33;1865;127396;11700;0;9824;2210;411;190;178;65;2;0;476;438;689;0;8;0;31;2;3;13;False;1655918140.79;06/22/2022 - 19:15:40;0;0;6692;;;561.1751786608316;;;;;900.4113778029858;;;0.16980837017914008;;;;
6;0;3;0;501;0;0;2;0;675;0;0;1;742.4370703845414;0.11025467781828681;0;4;237;0;0;1013.239990234375;0;0;0;0;0;0;0;0;0;3;2046.8977561295305;0;403.7276107955756;0;0;0;0;0;0;0;0;3.5;1;0.4117647058823529;0;0;1;0;2;0;0;22;59;0;0;0;0;1;-134.00000008940697;0;0;2;0;0;1;0;0;0;14;0;0;0;0;0;1;0;16;130;0;0;0;4;5;0;0;0;14;0;0;3;1;0;1;0.19816864112705854;0;0;0;0;0;2;0;0;0;0.3899890184402466;0.9410837720565853;1;1;0;16052;16;81;Ezreal;0;3;3634;8416;3634;9502;4;1;2;0;True;False;False;False;False;False;False;13773;13275;BOTTOM;0;0;4;3042;3508;3158;6692;6694;0;3363;25;2;8;BOTTOM;602;4;2;983;43323;7879;9188;0;0;1;0;0;0;4;0;127848;16762;9467;7;QI2PQRuoiXGH3663nTh9cGv5uEcAisvNQS-5YV3ceLrGVI12iCh5QWPrPJucx3fQNxB28urBDGunYg;0;;;CARRY;0;383;53;42;23;5;4;6;7;cLnw3uS3I70mBNpDunWU0ma8zzC_hFe_RQWgEykNIYWmnhg;266;zRJD;False;100;BOTTOM;1;2046;180590;25328;0;19161;2025;1013;182;65;147;4;0;9418;686;505;0;11;0;32;1;1;12;False;1655837863.732;06/21/2022 - 20:57:43;0;0;6692;1;1678.196781730319;;;;;;;;;;;;;
12;2;7;0;227;0;0;2;0;0;1;0;0;808.4723707859977;0.10323358346257089;0;2;152;0;2;468;0;0;0;4;0;0;0;0;0;0;1869.1573935988024;0;476.61168029221915;0;0;0;0;0;0;1;0;10.5;2;0.5121951219512195;0;2;0;0;0;0;0;1;41;0;0;32.5;0;3;-107.00000002980232;0;0;1;0;0;1;0;1;0;16;0;0;0;0;1;0;0;67;24;0;0;0;4;10;0;1;0;21;0;1;2;0;0;2;0.20673351759807596;0;1;0;0;1;3;0;0;0;0.24239611625671387;0.7511461560399282;5;3;0;15990;16;145;Kaisa;0;3;6130;24812;6130;9860;2;0;1;0;True;False;True;False;False;False;False;14847;12950;BOTTOM;0;1;0;3006;6672;6676;3036;3046;0;3340;19;2;9;BOTTOM;555;7;2;371;16964;7640;6169;16;0;0;0;0;0;4;0;150729;14650;6121;7;QI2PQRuoiXGH3663nTh9cGv5uEcAisvNQS-5YV3ceLrGVI12iCh5QWPrPJucx3fQNxB28urBDGunYg;0;;;CARRY;0;81;51;91;4;3;4;4;7;cLnw3uS3I70mBNpDunWU0ma8zzC_hFe_RQWgEykNIYWmnhg;266;zRJD;False;100;BOTTOM;0;1869;177215;25186;0;12572;3631;468;215;0;26;3;0;9521;2894;281;2;3;0;23;0;5;10;True;1655835447.378;06/21/2022 - 20:17:27;0;0;6672;1;1342.6681938568483;953.9286058864742;;31.99982513089526;;;750.1698241311002;;;;;;;1837.2456006164516
1;0;0;0;151;0;0;0;0;0;0;0;1;493.53112385608347;0.23146683497378567;0;2;54;0;0;0;0;0;26;0;0;0;0;0;0;0;1232.0258562782333;0;317.91169616414805;0;0;3;0;0;0;0;0;2;0;0.5714285714285714;0;2;1;0;0;0;0;2;63;0;0;7;0;1;-80.00000005960464;0;0;1;1;0;0;0;0;0;4;0;0;0;0;0;0;0;6;27;0;0;0;2;5;0;0;1;4;0;0;4;0;0;0;0.24170411776091408;0;1;0;0;0;1;5;0;0;0.4155702590942383;0.7219687265133937;1;1;0;9258;12;517;Sylas;0;3;100;100;100;7879;2;1;1;0;True;False;False;False;False;False;True;6527;6225;MIDDLE;0;0;0;6656;3113;3158;1056;3108;0;3363;17;1;3;MIDDLE;0;3;2;859;42521;8952;6715;0;0;0;0;0;0;8;0;10024;1085;7805;7;QI2PQRuoiXGH3663nTh9cGv5uEcAisvNQS-5YV3ceLrGVI12iCh5QWPrPJucx3fQNxB28urBDGunYg;0;;;SOLO;0;43;30;67;11;3;4;3;12;cLnw3uS3I70mBNpDunWU0ma8zzC_hFe_RQWgEykNIYWmnhg;266;zRJD;False;200;MIDDLE;16;1231;54440;10134;0;15304;2857;0;117;234;71;1;0;1894;96;783;0;2;0;14;1;1;8;False;1655833131.097;06/21/2022 - 19:38:51;0;0;6656;;;;;;;;919.8925540411649;;;0.22153357161026377;;;;
4;0;0;0;178;0;0;0;0;0;0;0;1;395.5269466824078;0.18093103428602755;0;8;5;0;0;0;0;0;10;0;0;0;0;0;0;0;1527.6495016;0;289.06270298136104;0;0;0;0;0;0;0;0;0.5;0;0.19047619047619047;0;0;0;0;0;0;0;5;47;0;0;11;0;1;-116.00000005960464;0;0;0;0;0;0;0;0;0;4;0;0;0;0;1;0;0;7;16;0;0;0;1;6;0;1;0;4;0;0;1;0;0;0;0.157983238825737;0;1;0;0;0;0;0;0;0;0.5196540355682373;0.7057344067661632;2;2;0;9401;12;119;Draven;0;3;58;421;58;7692;8;1;0;0;True;False;False;False;False;False;False;7359;6625;BOTTOM;0;0;3;1055;6692;3133;3006;3057;0;3340;17;0;0;BOTTOM;0;0;0;400;2217;809;11371;0;0;1;0;0;0;9;0;81875;9260;7747;4881;pSRp4YYbCsXTKZSfSQFdHOpFmnmCKW9SAX0UmkqP4N8SmlRqrPKK3Q7q0JsqyKpeVbS15iMoi1AQnw;0;;;CARRY;0;56;101;17;4;4;4;3;1;BZ5tgcbMPFl30-3vtvzmnm935FLoRVLo6E8TnfBgaYECGV4;94;Ey Eyron;False;200;BOTTOM;6;1527;86063;10070;0;19944;566;0;151;43;214;1;0;1970;0;825;0;11;0;17;1;2;7;False;1655767555.339;06/21/2022 - 01:25:55;0;0;6692;;;;;;;;890.5533717999999;;;;;;;
17;0;0;0;225;0;0;0;0;0;0;0;4;931.9484334818378;0.2744752051385878;0;9;42;0;1;6497.0048828125;0;0;60;2;0;0;0;0;0;2;2105.702401747472;0;384.66039257390634;0;0;18;0;0;0;0;0;3.111111111111111;2;0.56;0;1;0;0;0;1;4;9;50;0;0;16;0;2;-103.00000002980232;0;0;1;0;0;2;0;0;0;28;0;0;0;0;0;14;2;42;73;0;0;0;2;0;0;2;0;28;1;0;12;1;0;0;0.22087734862633981;0;1;0;0;2;2;5;0;0;0.22649025917053223;0.7683201314677517;5;2;1;13344;15;223;TahmKench;0;6;2389;4353;2389;106777;9;4;1;0;True;False;False;True;False;False;False;13499;12350;BOTTOM;0;0;1;3742;3065;3066;6662;1057;3111;3364;31;3;11;BOTTOM;0;4;2;474;64513;24551;25293;10;0;1;0;0;0;4;0;24111;5585;33572;4881;pSRp4YYbCsXTKZSfSQFdHOpFmnmCKW9SAX0UmkqP4N8SmlRqrPKK3Q7q0JsqyKpeVbS15iMoi1AQnw;0;;;SOLO;0;137;35;17;36;5;4;9;14;BZ5tgcbMPFl30-3vtvzmnm935FLoRVLo6E8TnfBgaYECGV4;94;Ey Eyron;False;100;BOTTOM;76;2105;91195;32706;5515;62565;20713;981;120;1083;282;5;0;2570;2570;3699;1;7;0;26;5;5;4;False;1655765732.098;06/21/2022 - 00:55:32;0;0;6662;;;396.97612546154915;;;;;908.133113961642;;1;0.2901084825717805;;;;
24;0;2;0;252;1;0;1;0;450;0;0;1;1038.2542767914458;0.27454578693864584;0;7;32;0;1;6585.873046875;0;0;23;1.5;0;0;0;0;2;5;2123.247258549759;0;485.06139324581346;0;0;11;0;0;0;0;0;5.428571428571429;2;0.6909090909090909;0;2;1;0;1;0;0;0;59;0;0;;3;;-115.00000005960464;0;0;1;0;0;0;0;0;0;26;0;0;0;0;0;0;0;48;1;0;0;5;3;11;0;5;0;38;1;0;12;0;0;2;0.22294254948758394;0;1;0;0;2;5;0;0;0;;0.6823444451706386;3;0;0;21490;18;98;Shen;0;4;5705;11205;5705;75811;7;1;1;0;True;False;False;False;False;False;False;17165;14775;TOP;0;2;0;3748;3143;3181;6662;3047;3076;3340;22;5;14;TOP;2;3;2;397;66600;16226;19363;4;0;0;1;0;0;6;0;94719;15780;21865;4881;pSRp4YYbCsXTKZSfSQFdHOpFmnmCKW9SAX0UmkqP4N8SmlRqrPKK3Q7q0JsqyKpeVbS15iMoi1AQnw;0;;;SOLO;0;162;26;54;10;6;4;8;14;BZ5tgcbMPFl30-3vtvzmnm935FLoRVLo6E8TnfBgaYECGV4;94;Ey Eyron;False;200;TOP;48;2123;173461;36741;6585;48920;6569;0;189;1484;232;1;0;12141;4734;7691;3;5;0;24;1;3;12;True;1655762958.455;06/21/2022 - 00:09:18;;;6662;2;1687.8464137808862;1632.4131764480476;;21.764190801743553;;;;;1;0.022312166723614753;;;;
3;0;3;0;212;0;0;0;0;0;1;0;1;370.33036151088027;0.22930371041666014;0;0;29;0;0;0;0;0;7;5.5;0;0;0;0;0;0;1175.6411584999998;0;474.48809557393537;0;0;1;0;0;0;0;2;6;0;0.3333333333333333;0;1;0;0;0;0;0;3;81;0;0;85;0;3;-114.00000008940697;0;0;0;0;0;0;0;0;0;5;0;0;0;0;0;0;0;2;11;0;0;1;0;6;0;2;1;6;0;0;2;0;0;0;0.16575492366983613;0;1;0;0;7;3;10;0;0;0.9425253868103027;0.9380402198600796;1;1;0;10065;13;39;Irelia;0;5;5403;6708;5403;8247;0;1;0;0;True;False;False;False;True;False;True;9297;8450;TOP;0;0;0;2055;3047;3153;1055;6632;0;3340;17;1;3;NONE;0;3;1;0;9096;2159;1991;8;0;0;0;0;0;1;0;80305;4758;8405;4881;pSRp4YYbCsXTKZSfSQFdHOpFmnmCKW9SAX0UmkqP4N8SmlRqrPKK3Q7q0JsqyKpeVbS15iMoi1AQnw;0;;;SUPPORT;0;159;12;37;4;1;4;3;14;BZ5tgcbMPFl30-3vtvzmnm935FLoRVLo6E8TnfBgaYECGV4;94;Ey Eyron;False;100;TOP;8;1175;89796;7256;0;10573;2746;0;161;32;0;1;0;394;338;175;2;0;0;18;2;1;7;True;1655760552.657;06/20/2022 - 23:29:12;0;1;;;;;;;;;769.731373;;;0.4135939548257999;;;;
11;0;0;0;262;0;104.50000017881393;0;0;0;2;0;7;667.3090517513486;0.32787789857166955;0;13;47;0;2;0;0;0;22;12;2;0;0;0;0;1;2494.973379939822;;315.9966236118784;0;0;7;2;1;56.000000059604645;0;1;1.1538461538461537;2;0.45454545454545453;0;0;;0;0;3;0;0;1;0;0;5.000000029802322;0;1;-67;0;0;0;0;0;1;0;0;0;12;0;0;0;0;2;0;3;69;0;0;0;0;4;0;0;2;1;15;0;0;4;0;0;0;0.20613672796589813;0;2;0;0;3;2;10;0;0;-0.24826520681381226;0.7305249503741764;4;1;0;17756;17;5;XinZhao;0;8;388;27979;388;68867;13;7;0;1;True;False;False;False;True;False;False;13140;11850;JUNGLE;0;0;2;3156;6630;0;3111;1033;6333;3364;30;0;4;JUNGLE;0;0;1;359;23037;1508;23582;145;0;1;0;0;0;2;0;172350;24522;34463;4881;pSRp4YYbCsXTKZSfSQFdHOpFmnmCKW9SAX0UmkqP4N8SmlRqrPKK3Q7q0JsqyKpeVbS15iMoi1AQnw;0;;;NONE;0;88;157;0;17;6;4;21;11;BZ5tgcbMPFl30-3vtvzmnm935FLoRVLo6E8TnfBgaYECGV4;93;Ey Eyron;False;100;JUNGLE;28;2494;211525;27748;0;67630;19899;0;44;637;422;1;0;16136;1717;9584;2;9;0;30;8;4;7;False;1655758649.936;06/20/2022 - 22:57:29;0;0;6630;;;370.8248329712397;;;0;1;675.5262594871385;;1;0.2092201108534624;;;;
5;0;0;0;180;0;0;1;0;0;0;0;1;432.30134414038866;0.15948063143088184;0;9;144;0;1;0;0;0;15;0.4000000059604645;0;0;0;0;0;0;2067.142308369267;0;351.43463863856863;0;0;4;0;0;0;0;0;1.2222222222222223;2;0.36666666666666664;0;1;2;0;4;0;0;0;78;0;0;23;0;2;-107.00000005960464;0;0;1;0;0;3;0;0;0;9;0;0;0;0;0;0;1;106;15;0;0;1;2;11;0;0;0;11;0;0;5;0;0;0;0.14964182137046472;0;1;0;0;1;1;0;0;0;0.038291215896606445;0.6508465209742135;1;1;0;13140;15;202;Jhin;0;6;1826;3363;1826;10174;9;1;1;0;True;False;False;False;False;False;True;12107;12085;BOTTOM;0;0;2;3009;6671;3031;6676;0;0;3363;22;3;6;BOTTOM;1200;2;2;414;4801;1578;13164;4;0;0;0;0;0;9;0;133659;13314;11379;3160;7EQGVpAEes0J8gPl5oC1VTx_EICzVkKlYwFfA5hybFp7NLcx2j3GggXBKdJkd7m8oIbcwMNnQmnpjg;0;;;CARRY;0;86;45;23;26;5;4;6;3;fvXq_HydN1Zt7uZjnLJjOrncAE0M2j8MnaLajuVx9N8oMjE;339;Męrv;False;200;BOTTOM;28;2067;138461;14893;0;26224;2503;0;199;120;273;1;0;0;0;1681;1;8;0;22;1;1;13;False;1655913401.934;06/22/2022 - 17:56:41;0;0;6671;;;995.677964342696;;;;;;;;0.07494030445407249;;;;
